[{
  "_id": {
    "$oid": "63eb4f4517c665a201e1d6de"
  },
  "name": "Black coffee",
  "price": 8,
  "ml": 250,
  "img_url": "https://images.pexels.com/photos/1749303/pexels-photo-1749303.jpeg?auto=compress&cs=tinysrgb&w=400"
},{
  "_id": {
    "$oid": "63eb4f4517c665a201e1d6df"
  },
  "name": "Latte coffee small",
  "price": 14,
  "ml": 330,
  "img_url": "https://images.pexels.com/photos/437716/pexels-photo-437716.jpeg?auto=compress&cs=tinysrgb&w=400"
},{
  "_id": {
    "$oid": "63eb4f4517c665a201e1d6e0"
  },
  "name": "Latte coffee large",
  "price": 18,
  "ml": 500,
  "img_url": "https://images.pexels.com/photos/2668510/pexels-photo-2668510.jpeg?auto=compress&cs=tinysrgb&w=400"
},{
  "_id": {
    "$oid": "63eb4f4517c665a201e1d6e1"
  },
  "name": "Chocolate Milkshake",
  "price": 25,
  "ml": 500,
  "img_url": "https://images.pexels.com/photos/3727250/pexels-photo-3727250.jpeg?auto=compress&cs=tinysrgb&w=400"
},{
  "_id": {
    "$oid": "63eb557ef7669f79fd316415"
  },
  "name": "Moccachino",
  "price": 16,
  "ml": 330,
  "img_url": "https://images.pexels.com/photos/849645/pexels-photo-849645.jpeg?auto=compress&cs=tinysrgb&w=600",
  "date_created": {
    "$date": {
      "$numberLong": "1676367230386"
    }
  },
  "__v": 0
},{
  "_id": {
    "$oid": "63eb57039ae66038c3c2af1b"
  },
  "name": "Turkey coffee",
  "price": 10,
  "ml": 330,
  "img_url": "https://images.pexels.com/photos/2767691/pexels-photo-2767691.jpeg?auto=compress&cs=tinysrgb&w=600",
  "date_created": {
    "$date": {
      "$numberLong": "1676367619514"
    }
  },
  "__v": 0
},{
  "_id": {
    "$oid": "63edfa4cf317d7f0ae82e0d3"
  },
  "name": "Ice coffee",
  "price": 18,
  "ml": 500,
  "img_url": "https://images.pexels.com/photos/849645/pexels-photo-849645.jpeg?auto=compress&cs=tinysrgb&w=600",
  "date_created": {
    "$date": {
      "$numberLong": "1676540492342"
    }
  },
  "user_id": "63eddd58b6e719197009576e",
  "__v": 0
},{
  "_id": {
    "$oid": "63f476956ff5404c0b75b8f0"
  },
  "name": "Oil coffee",
  "price": 15,
  "ml": 400,
  "img_url": "https://images.pexels.com/photos/849645/pexels-photo-849645.jpeg?auto=compress&cs=tinysrgb&w=600",
  "date_created": {
    "$date": {
      "$numberLong": "1676965525854"
    }
  },
  "user_id": "63f47285ea75e7ceaf578fb5",
  "__v": 0
}]